Title,Content,Catagory,Tags,Meta Description,SEO Titie,Publish Date,Status,Approved,Post ID,Result Log
"Living with Bipolar While Working Remote: What Actually Works","Remote work seemed impossible when I was first diagnosed with bipolar disorder. The unpredictable mood cycles, the medication side effects, the days when getting out of bed felt like climbing Everest—how could I possibly maintain a job from home?

But over five years, I've discovered that remote work is actually *better* for bipolar management than traditional office settings. Here's why and how.

**The Advantage: Control Over Your Environment**

With bipolar, sudden changes to routine can trigger episodes. Office environments force you into rigid schedules: commute at 7am, meetings at 9am, fluorescent lights all day, forced socializing. Remote work lets me control these triggers.

I can adjust my schedule based on my stability. During hypomanic phases (when I'm productive but getting manic), I work in strict sprints with mandatory break timers. During depressive phases, I work in shorter blocks, knowing my boss isn't watching me struggle to focus.

**The Medication Reality**

Bipolar medications have side effects: weight gain, tremors, cognitive fogginess. In an office, everyone notices. Remote work means:
- No one sees the hand tremors from lithium
- I can rest between meetings without judgment
- I can eat smaller meals frequently (blood sugar stability helps mood)
- I can adjust my work intensity based on current medication side effects

**Sleep as Medicine**

Sleep is the most important bipolar medication. One bad night's sleep can trigger a manic episode. Remote work means:
- No early commutes forcing me awake
- Flexible start times (I work 10am-6pm, not 9-5)
- No pressure to look alert in meetings when I'm exhausted
- Time to wind down properly before bed

**The Structure You Need, Built Your Way**

Contrary to myth, bipolar folks *need* structure. But structure imposed externally often fails. Remote work lets me build my own structure:

Morning ritual (non-negotiable):
- Take medication (set phone reminder)
- 20-minute walk (sunlight + movement = mood)
- Breakfast with no screens
- Check mood tracker app

During work:
- 90 min focus blocks (Pomodoro technique)
- Mandatory 15 min breaks (move, hydrate, step outside)
- No back-to-back meetings (recovery time)
- Video off when possible (less performance pressure)

End of day:
- 30 min wind down (no work, no screens)
- Therapy homework or journal
- Prepare for tomorrow
- Bed by same time (±30 min)

**The Warning Signs System**

Remote work lets me notice prodromal symptoms before they become episodes. I track:
- Sleep changes (need less sleep = warning sign)
- Spending behavior (researching purchases = hypomanic flag)
- Message length (too many long Slack messages = getting manic)
- Focus level (can't sit still or overly focused = instability)

When I see patterns, I reach out to my therapist or psychiatrist before the episode hits.

**Social Connection (The Loneliness Risk)**

Remote work isolation is real. For bipolar folks, isolation deepens depression. I solved this:
- Virtual coworking sessions (work alongside others on video)
- Structured peer check-ins (weekly call with accountability buddy)
- Online support groups (DBSA, NAMI, Reddit r/bipolar)
- One in-person meetup monthly (therapist, support group, or friend)

**What Doesn't Work (Hard Lessons)**

- Flexible schedule used as excuse to never schedule anything (leads to isolation and depression spiral)
- No routine (feels freeing but destabilizes mood within days)
- Ignoring medication side effects hoping they'll disappear (they worsen)
- Pushing through instability instead of taking a mental health day

**The Result**

Five years of stable employment. Two jobs (both remote-first). Consistent medication adherence. Therapy ongoing. Some depressive episodes but none requiring hospitalization.

Remote work didn't fix my bipolar. But it gave me the *structure and control* needed to manage it while building a career.

If you're bipolar and considering remote work: it's not a cop-out. It's leverage. You're not weak for needing this flexibility—you're strategic.

Your brain works differently. Remote work lets you work *with* your brain, not against it.","Mental Health","bipolar,remote-work,mental-health,depression,medication,work-life-balance","Discover how remote work can support bipolar disorder management and create stability.","Living with Bipolar While Working Remote: 5 Years of What Works","2026-06-03","Ready","TRUE","",""
"Stop Automating Everything: When Manual Effort Saves Your Mental Health","I've been obsessed with automation. Every repetitive task triggers my productivity brain: 'I should script this.'

Six months ago, I automated my entire job search. Within a month, I burned out completely. Not from work—from the compulsion to optimize everything.

This is the dark side of automation that no one talks about.

**The Automation Trap for Neurodivergent Brains**

ADHD and bipolar folks like me are drawn to automation. We optimize not just for efficiency, but as a coping mechanism. If we can script it, we don't have to think about it. If we don't have to think, we can't fail.

But here's what happens: We automate ourselves out of connection and awareness.

**The Job Search Example**

I built a job scraper (BeautifulSoup + Python) that:
- Scraped Indeed daily
- Sent personalized emails automatically
- Tracked applications in a database
- Sent me daily digests

Sounds great, right? In theory, I'd spend 10 minutes reviewing the digest instead of two hours manually searching.

Reality: I stopped thinking about what I actually wanted in a job. The automation was applying to everything that matched keywords, not everything I'd actually be good at.

Result: 150 applications, 3 interviews, 0 offers. I was so far from the hiring manager's intent that robots couldn't bridge the gap.

**What Worked Instead**

I went back to manual job hunting. Deliberately. With constraints:
- Max 5 applications per day (forces thoughtful selection)
- Read the full job description (understand company culture)
- Research the company before applying (genuine interest)
- Personalized cover letter for each (actual human connection)

Different numbers: 20 applications, 5 interviews, 2 offers.

The manual approach took 45 min/day instead of 10 min/day. But those 35 extra minutes of human thought produced results.

**Where Automation Still Wins**

Not saying never automate. But be strategic:

✓ Automate data entry (transcription, form filling)
✓ Automate scheduling (calendar blocks, reminders)
✓ Automate notifications (health checks, mood prompts)
✗ Automate decisions (job applications, email drafting, networking)
✗ Automate relationships (template emails, auto-responses)
✗ Automate creativity (blog post generation, essay writing)

**The Mental Health Angle**

For bipolar folks especially: automation can be a manic-phase behavior. When I'm hypomanic, I *have* to build something, optimize something, automate everything. It feels productive. It feels like I'm fixing my life.

But it's often avoidance. It's not fixing anything—it's preventing myself from sitting with discomfort.

Good therapy questions:
- Am I automating because it's truly the best tool, or to avoid human interaction?
- Does this automation create more time for *meaningful* work, or just time I fill with more automation?
- Can I sit with this process being manual, imperfect, and still valuable?

**The Sweet Spot**

Use automation as a tool, not a lifestyle. Save human effort for human decisions. Save time for what matters:

- Automate: email filtering, meeting scheduling, data organization
- Manual: job applications, relationship building, creative work, strategic decisions

**What I Do Now**

I still script. But I ask first: ''Is this decision or data entry? Can a human touch improve it?''

If the answer is 'human touch would help,' I do it manually, no matter how inefficient.

It's slower. It's more work. And somehow, counterintuitively, it's where I get results.

Sometimes the best automation is knowing when *not* to automate.","Automation & Tools","automation,productivity,mental-health,bipolar,job-search,decision-making","Learn when automation helps and when manual effort is better for mental health and results.","Stop Automating Everything: When Manual Effort Saves Your Sanity","2026-06-04","Ready","TRUE","",""
"Medication Doesn't Make You Weak: What I Wish Someone Had Told Me","I resisted bipolar medication for two years. Not for medical reasons—out of shame.

I believed the narrative: 'Real strength means managing without pills.' 'If you really wanted to get better, you'd use willpower.' 'You're just looking for an excuse.'

I was wrong. Medication saved my life.

Here's what no one tells you about psychiatric medication when you have bipolar disorder.

**The Science Everyone Avoids**

Bipolar isn't a willpower problem. It's a neurotransmitter problem.

Your brain produces mood-regulating chemicals: serotonin, dopamine, norepinephrine, GABA. In bipolar brains, these are out of balance. During mania, dopamine spikes. During depression, serotonin bottoms out.

No amount of meditation, exercise, or positive thinking fixes a chemical imbalance. You wouldn't tell a diabetic to 'think' their way to normal insulin levels. You wouldn't tell an asthmatic to willpower their way to open airways.

But we do this constantly with mental health.

**Why I Resisted**

The real reasons:

1. **Identity loss**: I associated my bipolar episodes with my creativity, my passion, my drive. I thought medication would make me boring.

2. **Fear of side effects**: I saw others gain weight, feel foggy, lose libido. I decided depression was preferable to living as a zombie.

3. **Internalized stigma**: Deep down, I believed needing medication meant I was broken, that I'd failed.

4. **Cost and access**: I couldn't afford regular psychiatry. Medication felt impossible.

**What Changed**

I hit rock bottom. Not metaphorical bottom—literal: attempted suicide during a depressive episode.

In the hospital, a psychiatrist said something that stuck: 'Your brain is drowning. Medication is oxygen. Using oxygen doesn't make you weak—refusing it while drowning does.'

I started lithium. Here's what actually happened (not what I feared):

**Week 1-2**: Nausea, thirst, tremors. Honestly awful.

**Week 3-4**: Side effects settling. I could think more clearly than I had in years.

**Week 8**: Realized I hadn't thought about suicide in weeks. Actually made plans for next month. That was new.

**Month 3**: Stable mood. Still creative, still passionate, but no longer riding mood waves that destroyed relationships and jobs.

**Month 6**: Built a routine. Learned about myself without the noise of episodes.

The hardest truth: I'm more creative on stable medication than manic medication. The mania felt productive but rarely produced anything finished. Stability produced completed projects, real relationships, actual success.

**The Side Effects Are Real (And Worth It)**

Lithium made my hands tremor. I'm a writer—tremors are frustrating. But I can write with shaking hands. I can't write in the middle of a manic episode where I haven't slept in four days.

I gained 15 pounds. Not ideal, but I also wasn't binge eating during depressive episodes anymore. The weight was stable weight, not crisis weight.

I had to get my thyroid tested regularly. Annoying. Still better than hospitalization.

Trade-offs exist. Every medication has them. The question isn't 'zero side effects' (don't exist). It's 'are the side effects better than the illness?'

For me: absolutely yes.

**What Medication Did For Me**

Gave me space to heal. Without the constant mood chaos, I could:
- Attend therapy consistently
- Build daily routines
- Make stable relationships
- Hold a job longer than 6 months
- Actually work toward goals instead of reacting to crises

Medication didn't fix me. But it stabilized me enough that *I* could do the real work.

**The Hard Truth About 'Alternatives'**

People suggest: meditation, exercise, diet, supplements, energy work, positive thinking, journaling.

Some of these help. But they're not alternatives to medication for bipolar disorder. They're *additions*.

If I only meditate, I'm still in a depressive episode. Meditation helps, but it doesn't rebalance neurotransmitters.

If you have a severe illness, treating it requires appropriate tools. Yoga is wonderful. It's not a substitute for lithium.

**If You're Resisting Medication**

Ask yourself honestly:
- What am I afraid of?
- Is that fear based on fact or on shame narratives I've internalized?
- If I tried medication and hated it, could I stop? (Yes, with doctor guidance)
- What could be possible if my brain chemistry was stable?

**What I Tell Others**

Needing medication isn't failure. It's recognition that your brain needs support, and you're willing to give it that support.

Taking medication isn't giving up. It's giving yourself a fighting chance.

And yeah, maybe you'll be less manic, less 'interesting,' less chaotic. You'll also be alive. You'll finish projects. You'll keep relationships. You'll remember who you are.

That's not weak. That's strength.

I'm still bipolar on medication. But I'm also employed, alive, and glad I made that choice.

If this resonates with you: talk to your psychiatrist. Try medication. Give it three months. Then decide.

Your life might depend on it. Mine did.","Mental Health","bipolar,medication,mental-health,depression,recovery,stigma","Why psychiatric medication for bipolar disorder is essential healthcare, not weakness.","Medication Doesn't Make You Weak: A Bipolar Perspective on Psychiatric Treatment","2026-06-05","Ready","TRUE","",""
"Teaching English Online with Bipolar: The Schedule That Works For Me","Teaching English remotely is perfect for mental health—until it's not. The flexibility is amazing until you're in a depressive episode and have students depending on you.

Here's my realistic system for teaching online with bipolar disorder.

**Why Remote Teaching Works**

- No commute (saves 10 hours/week, zero travel anxiety)
- You're in control of your environment
- Recorded lessons can be edited without judgment
- Flexible scheduling (sometimes)
- Community with students matters more than office politics

Why it's hard:
- You can't fake it on video (depression shows)
- Students rely on consistency (hard when mood is inconsistent)
- Isolation risk (online work amplifies loneliness)
- Perfectionism trap (recorded content seems permanent)

**My Weekly Schedule (Stable Week)**

The structure that actually keeps me stable:

Monday-Wednesday: Teaching days
- 3 groups of 5 students (15 students total)
- Asynchronous prep on Sunday
- Sessions 10am-1pm (mid-morning, after meds kick in)
- Buffer day after (Thursday) for lesson grading

Thursday: Recovery + Admin
- No live teaching (preparation for Monday restart)
- Grade recordings from M-W
- Email parents
- Plan next week
- Mental health check-in (therapy)

Friday-Sunday: Content + Health
- Record asynchronous lessons (less pressure than live)
- Prep materials for next week
- Social connection (virtual or in-person)
- Extra sleep and movement (preventing mood swings)

**When I'm in a Depressive Episode**

I don't cancel. I adjust:

Normal lesson: 60 minutes, interactive activities, live feedback
Depressed version: 45 minutes, structured conversation, minimal planning needed
Rock bottom: Pre-recorded lessons + email office hours (students can email questions)

Students notice. But they also understand. I tell them: 'This week I'm managing some health stuff, so lessons are slightly different format. Same content, different delivery.'

Honesty kills shame. Most students don't care—they just want the lesson to happen.

**When I'm Hypomanic**

Opposite problem: overcommitting.

My hypomanic brain wants to:
- Add extra sessions
- Create elaborate lesson plans
- Take on new student groups
- Stay up late perfecting recordings

I have hard rules:
- Maximum 15 student groups per week (non-negotiable)
- Same lesson time every day (no schedule changes)
- Lesson prep time-boxed (stop after 2 hours, lesson is good enough)
- Minimum 7 hours sleep (even if I don't feel tired)

These rules are not optional. They're medication. They prevent mania from spiraling into something hospitalizable.

**Student Management**

I'm honest with my employer. I say: 'I manage bipolar disorder with medication and therapy. I will always show up to scheduled classes. If I need to reschedule due to health, I'll give 48 hours notice. I'm reliable and you can depend on me.'

I've disclosed to maybe 50% of my students' parents. Not as excuse, but as explanation: 'Your teacher takes mental health seriously and manages it responsibly. That's why you can trust your child with me.'

This builds relationships, not burns them.

**The Weekly Health Ritual (Non-Negotiable)**

Every Thursday, I do this:
- Mood check: rate 1-10 (track in app)
- Sleep quality: how many nights got 7+ hours?
- Medication adherence: did I take meds every day?
- Stability check: any warning signs?
- Upcoming week risk: do I need to adjust anything?

If I see warning signs: I tell my therapist, doctor, or trusted colleague. Then I adjust the schedule.

**Tools That Help**

- Calendar app with color-coding (teaching in blue, admin in green, health in red)
- Mood tracker app (I use Daylio, simple check-in)
- Backup lesson plans (when brain fog hits, I use pre-made lessons)
- Asynchronous option (students can always complete lessons offline if I need that day)

**Money Reality**

Teaching online pays $15-25/hour. With bipolar episodes, you sometimes can't work 40 hours/week.

I accept that. I don't try to maintain full-time teaching alone. I:
- Teach 15-20 hours/week (sustainable)
- Do freelance writing, content creation, or data entry on higher-energy days
- Build financial buffer for low-energy weeks
- Have disability insurance (just in case)

This combination pays bills *and* leaves mental health space.

**What I Tell New Teachers with Bipolar**

Teaching is meaningful work. You'll inspire students. You also need to survive.

Don't pretend to be neurotypical. Build a system around your actual brain:
1. Sustainable hours (not pushing 40+ weekly)
2. Consistent schedule (same times each week)
3. Health priorities (sleep, meds, therapy come first)
4. Honest communication (tell employer/students what they need to know)
5. Backup plans (what happens if you can't teach Tuesday?)

Your bipolar doesn't disqualify you. But it does mean you need to be strategic about how you work.

You can teach and be bipolar. You just can't do it the same way as someone without mental health challenges.

And that's okay. Different isn't broken.

It's just realistic.","Career & Teaching","teaching,remote-work,bipolar,mental-health,english,schedule,education","How to manage teaching English online while maintaining stability with bipolar disorder.","Teaching English Online with Bipolar: The Schedule That Actually Works","2026-06-06","Ready","TRUE","",""
"Sleep Is Your Bipolar Medication: Why 7 Hours Matters More Than Your Antidepressant","If you have bipolar disorder, your sleep schedule matters more than anything else. Including your medication. Including therapy.

One bad night can trigger an episode. One week of poor sleep can destroy months of stability.

This is the most underrated bipolar management strategy, and I'm obsessed with it.

**The Science (5-Minute Version)**

Sleep regulates the neurotransmitters that control mood: serotonin, dopamine, melatonin, cortisol.

In bipolar brains, sleep regulation is already fragile. When you don't sleep:
- Dopamine spikes (hello mania)
- Serotonin bottoms out (hello depression)
- Cortisol stays elevated (anxiety increases)
- Your mood regulation circuits shut down

You've essentially removed your brain's ability to stay stable.

For bipolar folks: poor sleep doesn't just feel bad. It's like skipping your psychiatric medication.

**My Sleep System (Unglamorous But Effective)**

Bedtime: 10:30pm (every night, including weekends)
Wake: 6am (alarm, no negotiation)
Target: 7.5 hours every single night

That's it. No ambiance, no expensive gadgets. Just consistent sleep.

What that actually requires:

9:00pm — Stop screens completely (blue light kills melatonin)
9:30pm — Warm shower or bath (temperature drop signals sleep time)
10:00pm — Bedroom cool, dark, quiet
10:30pm — Asleep

(If I can't sleep after 20 min, I get up and read until I'm tired. No laying in bed frustrated.)

Wake: 6am immediately (no snooze, no negotiation)

This routine is non-negotiable. Weekends, vacations, work trips—same schedule.

**Why Consistency Matters More Than Duration**

Your body runs on circadian rhythm. Your bipolar brain depends on that rhythm being rock-solid.

What helps:
- Same bedtime every night (±30 min is okay, ±2 hours is disaster)
- Same wake time every morning
- Sunlight immediately upon waking (circadian reset)
- Meals at same times (reinforces rhythm)

What doesn't help:
- 'Making up' sleep on weekends (throws off your schedule)
- Sleeping in on hard days (feels good, destabilizes mood)
- Napping when tired (confuses your system)
- Adjusting for social events (no all-nighters)

**When Sleep Tells You Something's Wrong**

Monitor:
- Decreased need for sleep (can function on 4 hours): prodromal mania warning sign, call psychiatrist immediately
- Increased need (sleeping 11+ hours): depressive episode starting
- Nightmares or night terrors: medication side effect or anxiety spike
- Can't fall asleep despite tiredness: mania or anxiety brewing

**Protecting Your Sleep**

This is medical. Treat it like medication time.

Things I don't do after 8pm:
- Difficult conversations
- Social media (doom-scrolling destroys sleep)
- Work email
- Stressful news
- Planning future things
- Financial worrying

Wind-down is intentional. I do:
- Light reading (fiction, not engaging)
- Gentle stretching or yoga
- Journal (process the day)
- Audiobook or podcast (something familiar, not new/stimulating)

**What Happens When I Skip This**

Last month, I got invited to a friend's party. 1am end time. I went. Stayed up to 1am. Figured 'one night is fine.'

Next day: manic. Talking too fast, ideas racing, couldn't focus on teaching.

Day 3: Still manic, not sleeping despite being exhausted.

By day 5: I'd made three impulsive purchases, picked fights with friends, and realized I needed to increase my mood-stabilizer dose or risk hospitalization.

One party. One late night. That was the whole domino chain.

**It Gets Easier**

First month: brutal. Your body resists.
Second month: routine starts feeling normal.
Third month: you actually crave sleep at 10:30pm.
Sixth month: you realize you haven't had an episode, and you finally believe this matters.

**What I Tell My Doctor**

When I meet with my psychiatrist, I always lead with: 'I'm sleeping 7-8 hours nightly at consistent times. All other medication adherence is perfect.'

Because sleep IS medication adherence.

If I skip my medication but sleep perfectly, I'm maybe okay. If I take my medication but destroy my sleep, I will destabilize.

**Non-Negotiables**

I've had jobs end because I wouldn't work night shifts. I've had relationships end because I wouldn't do late nights out. I've lost friendships over 'just staying up to talk.'

I don't regret these losses. Because I'm alive. I'm stable. I can show up for the people and commitments that matter.

**If You're Bipolar and Struggling**

Look at your sleep first. Before blaming your medication, your diet, your stress—look at your sleep.

Are you sleeping 7-8 hours consistently?
At the same time every night?
In a dark, cool room?
Without your phone?

If not, start there. Sleep regulation is the foundation. Everything else builds on it.

You can have perfect medication and therapy and still destabilize from poor sleep.

But with rock-solid sleep, everything else works better.

Sleep first. Everything else second.

Your stability depends on it.","Mental Health","bipolar,sleep,mental-health,depression,medication,wellness,routine","Why consistent sleep schedule is more important than medication for bipolar disorder management.","Sleep Is Your Bipolar Medication: 7 Hours Every Night, Every Time","2026-06-07","Ready","TRUE","",""
"Finding Jobs as a Neurodivergent Remote Worker: Strategy That Actually Works","You're not lazy. You're not unmotivated. You're neurodivergent, and most job searching methods are designed for people whose brains work differently than yours.

Here's what actually works for job hunting when you have bipolar disorder, ADHD, or autism.

**Why Normal Job Search Fails**

Standard advice: 'Network, apply to 50 jobs/week, follow up constantly, go to job fairs.'

This is designed for neurotypical brains that:
- Enjoy networking small talk
- Can manage 50+ applications simultaneously
- Don't get emotionally exhausted by rejection
- Have stable energy throughout the week

If you have bipolar (or ADHD, or autism), you likely:
- Find forced networking draining
- Get overwhelmed managing 50 applications
- Take rejection personally (depression risk)
- Have good weeks and terrible weeks energy-wise

You're not broken for struggling. The method is wrong for your brain.

**The System That Works**

Quality over quantity. Sustainable pace. Emotional protection.

Target: 10-15 applications per week (not 50)
Time investment: 30 min/day (not 2+ hours)
Method: Thoughtful selection, not spray-and-pray

**Step 1: Define Your Non-Negotiables (Week 1)**

Don't apply to generic jobs. Define exactly what you need:

Salary: $40k-60k? $50k-70k? Be specific.
Schedule: 9-5 or flexible? Time zone? No early mornings?
Environment: Remote only or hybrid okay? Team size?
Commute: None, 30 min, flexible?
Culture: Fast-paced or slow? Autonomous or collaborative?
Red flags: No startup chaos. No 24/7 on-call. No commute over 30 min.

This takes 2 hours to define, but it saves 20+ hours of applying to unsuitable jobs.

**Step 2: Build Your Sustainable Daily Routine**

This is the hard part because it *feels* unproductive. But it prevents burnout.

Morning (7 minutes):
- 2-3 job posts read deeply (not just titles, full descriptions)
- Assess: does this match my non-negotiables?
- Research company (culture, reviews, actual contact person)

If it fits (maybe 1 per day):
- Customize resume (mention specifics from job post)
- Write 3-sentence personalized note
- Apply

That's it. 10-20 minutes. One application.

Next day: repeat.

By Friday: 5 applications, all thoughtful, all actually suitable.

**Step 3: Follow-Up System (Not Cold Emailing)**

Don't email random people hoping for response. Follow up on *your applications*.

After 1 week: If no response, check company LinkedIn for hiring manager. Send one message: 'Hi [name], I applied to [position] last week and am genuinely interested. Would love to chat about how my [specific skill] matches your needs.'

After 2 weeks: If still no response, let it go. Move on. You did your part.

This is not 'chasing.' This is professional follow-up. Most people don't do it, which is why it stands out.

**Step 4: Emotional Insulation (This Prevents Burnout)**

Rejection is part of job search. For neurodivergent folks, it's emotionally devastating.

Protect yourself:
- Don't apply to 'dream jobs' where you'll be crushed if rejected. Apply to 3 dream jobs, 7 solid jobs each week.
- Don't check email obsessively (set 1 check-in time daily)
- Don't compare yourself to other job seekers
- Do celebrate small wins (applied today! Researched a company! Made a connection!)

Track: which applications got responses? What got ignored? Use data, not feelings.

**Step 5: Build Human Connection**

Where neurodivergent folks actually struggle: networking doesn't mean job fairs or LinkedIn events.

It means:
- One online community in your field (Discord, Reddit, Slack)
- One person per week you have a genuine 15-min chat with
- One piece of visible work per week (blog post, comment, share something useful)

Do this and:
- People start to know you (not as 'job seeker' but as person)
- Opportunities come to you
- Your energy stays in the normal range (not drained by networking)

**Step 6: System For Tracking**

Use a simple CSV (seriously, spreadsheet is best):

Company | Position | Date Applied | Contact Person | Follow-Up Done | Status | Notes

Check weekly:
- Am I at 10-15 applications this week?
- Did I follow up on anything from 1+ week ago?
- Are responses coming in (any interview requests)?
- Am I hitting my sustainable pace?

**Real Example: My Last Job Search**

August: Applied to 12 jobs (quality focused)
September: 3 interviews scheduled, 4 applications made
October: 2 offers, both remote, both $55k+
November: Started new job

Three months, 18 total applications, 2 serious offers, 1 accepted.

Compare to my old method: 200+ applications, 0 offers, depression from constant rejection.

The difference: quality, consistency, emotional protection.

**What Changes For Your Brain**

- Sustainable (doesn't trigger depressive spirals)
- Results-oriented (10-15 apps/week beats 50 random ones)
- Emotionally safe (less rejection exposure)
- Build-able (you can do this every week for months)
- Respectful (companies get quality applications, not spam)

**If You're Struggling Right Now**

Your brain isn't broken. Most job search advice is designed for neurotypical people with neurotypical energy patterns.

Try this system for 4 weeks. Track what happens. I bet you'll see:
- Better quality interviews
- Less emotional burnout
- More interview requests
- Faster job placement

Because you're not trying to be someone you're not. You're working *with* your brain, not against it.

That's when it works.","Career & Jobs","job-search,neurodivergent,bipolar,ADHD,remote-work,careers,employment","Job search strategy optimized for neurodivergent brains: quality, sustainability, emotional protection.","Finding Jobs as a Neurodivergent Remote Worker: The Sustainable Method","2026-06-08","Ready","TRUE","",""
"Building Credibility as a Neurodiverse Writer and Thinker","Writing is your superpower as a neurodivergent person. Here's how to build credibility from it.

Your bipolar, ADHD, autism—these give you perspective others don't have. Use that.

**Why Neurodiverse Writers Have Advantage**

You notice things neurotypical people miss. You make connections others don't see. You write with authenticity that people crave.

The problem: you're competing against people who can write consistently without health interruptions.

Solution: Be strategic about building a public body of work.

**The 90-Day Credibility Sprint**

Commit to:
- 90 daily essays (500 words each)
- Published publicly (GitHub, Medium, your blog, Twitter threads)
- One topic focus per month
- Build in public, not in private

Month 1 (Bipolar + Mental Health): 30 essays on living with bipolar, medication, therapy, everything
Month 2 (Job Search + Careers): 30 essays on remote work, job hunting, entrepreneurship, finding your path
Month 3 (Automation + Tech): 30 essays on tools, scripts, building things, technical learning

Result after 90 days:
- 90 published pieces (portfolio)
- 30,000+ words of original writing (SEO benefits)
- Demonstrated expertise (you're the person who writes about [topic])
- Audience (people start following)

**Why This Works**

- Consistency beats perfection
- Volume creates credibility
- Vulnerability (talking about bipolar) creates trust
- Public work gets found by people hiring writers

**What Happens After 90 Days**

People come to you:
- Job offers (companies want someone who understands mental health and tech)
- Guest post requests (you're established in your niche)
- Speaking requests (you've proven you have something to say)
- Collaboration offers (other writers, projects, partnerships)

This is exposure building. Not self-promotion. Just consistent public thinking.

**How to Make This Sustainable**

Don't burn out by trying 90 days of intensity. Build rhythm:

Week 1: Write 3 essays (500 words each = 1.5 hours)
Week 2: Write 3 essays
Week 3: Write 3 essays
Week 4: Edit and publish previous 2 weeks' essays

One hour per day on writing. Totally doable even during depressive episodes (just write shorter versions).

**The Distribution Strategy**

Publish everywhere (takes 5 minutes extra per piece):
- Your blog/site
- Medium (free, big audience)
- Dev.to (tech + mental health audience)
- Twitter thread (big pieces become threads)
- LinkedIn (professional audience)
- Email newsletter (if you build one)

One essay, five distribution channels. Multiplied impact.

**What You'll Learn**

After 90 days, you'll know:
- What topics people care about
- Which writing style resonates
- What your voice actually is
- Whether writing is your path

Some people discover: 'I love writing about mental health, not tech.' Others discover: 'I'm actually a developer who writes, not a writer who codes.'

The writing teaches you about yourself.

**Money Angle**

Most of these don't pay immediately. But after 90 days of public work:
- Speaking gigs: $500-$5000 per talk
- Freelance writing: $50-200 per article
- Consulting: $50-150 per hour
- Course creation: $1000-10,000 per course
- Job offers: $50k-100k+ salary

The writing builds credibility. Credibility leads to money.

**If You Have a Depressive Episode**

You can still write. Just lower your bar:
- Normal week: 500 words
- Depressive week: 250 words
- Crisis week: 100 words or skip that day

The point is consistency, not perfection. Finish the 90 days even if some weeks are shorter.

**The Mental Health Benefit**

Writing about your bipolar/depression/neurodivergence does something magical: it transforms private suffering into public value.

You're not just surviving. You're helping others survive. That shift changes everything.

**Your Challenge**

90 days. 90 essays. Public. On any topic related to your expertise.

Start tomorrow. Or today. But start.

By the end, you'll have a portfolio, an audience, and proof that your voice matters.

That's credibility. And it's powerful.","Writing & Credibility","writing,credibility,neurodivergent,bipolar,public-work,portfolio,personal-branding","Build writing credibility and audience in 90 days publishing about what makes you unique.","Building Credibility as a Neurodiverse Writer: The 90-Day Strategy","2026-06-09","Ready","TRUE","",""
"The Privacy-First Toolkit for Remote Workers","You're remote. That means your company has even more surveillance potential. Here's how to protect yourself.

(Note: This is defensive IT security, not illegal. Know the difference.)

**Why This Matters**

Remote work companies monitor:
- Keystroke logging (what you're typing, when, how fast)
- Screen recording (what you see, when you're idle)
- Webcam access (can they see you?)
- Location tracking (some require GPS)
- Application monitoring (what programs you use)

None of this is illegal. But it's invasive. You deserve privacy.

**The Toolkit (Open Source, Free)**

1. **VPN** (Virtual Private Network)
Encryption: All your web traffic is encrypted
Hides: Your IP address, location, ISP
Cost: Free (Proton VPN) or $5/month (Private Internet Access)

Why: Your home network is less secure than office WiFi. VPN adds protection.

2. **Password Manager**
Free: Bitwarden (open source, self-hostable)
Encrypted: All your passwords, never seen by the service

Why: You can't reuse passwords. Password manager solves that.

3. **Email Aliasing**
Free: SimpleLogin or DuckDuckGo aliases
Encrypt: Create unique email for every service

Why: Companies buy/sell email lists. Aliases limit damage if one service gets breached.

4. **Two-Factor Authentication**
Free: Authenticator app (Authy, Microsoft Authenticator)
Why: Passwords get breached. 2FA stops the breach from becoming identity theft.

5. **File Encryption**
Free: VeraCrypt (open source)
Encrypt: Hard drive or external drive
Why: If laptop stolen, encrypted drive is worthless to thief

6. **Messaging**
Free: Signal (phone, desktop, all encrypted)
Why: WhatsApp is owned by Meta. Signal is actually private.

**The Work-Specific Setup**

Work laptop: Don't install personal stuff
Personal laptop: Don't install work stuff

Separation means if work laptop gets compromised, personal data is safe.

For video calls, tape your webcam. Seriously.

For keyboard monitoring: Employers can't see what you type if you're careful:
- Do sensitive stuff on personal device
- Know that 'break' time still might be recorded
- Assume nothing is private

**The Balance**

You need to work (employment required). But you also need privacy and autonomy.

Reasonable boundaries:
- Yes: Employer can see when you're working (reasonable)
- No: Employer can see everything on your screen (unreasonable)
- Yes: Employer can require you available 9-5 (reasonable)
- No: Employer can record you 24/7 even outside work (unreasonable)

Use these tools to enforce reasonable boundaries.

**What This Actually Looks Like**

- Don't use company email for personal stuff
- Don't click random links in emails
- Keep work files on work device
- Use password manager for every account
- Enable 2FA on important accounts
- Encrypt your hard drive

Takes one afternoon to set up. Protects you for years.

**The Mindset Shift**

You're not paranoid. You're responsible.

You protect your body (lock your door, use seatbelt). Protect your digital life the same way.

This is baseline computer security. Everyone should do this, remote or not.

**Your Action Items**

1. Install Bitwarden (password manager)
2. Set up SimpleLogin (email aliases)
3. Install Signal (messaging)
4. Enable 2FA on email and important accounts
5. Download and install VeraCrypt (hard drive encryption)

Two hours of setup. A lifetime of protection.

Be private. Be careful. Stay secure.","Tech & Security","privacy,remote-work,security,cybersecurity,tools,open-source,encryption","Essential privacy and security tools for remote workers.","Privacy-First Toolkit for Remote Workers: Free and Open Source","2026-06-10","Ready","TRUE","",""
"Freelance vs. Full-Time: The Bipolar Decision","Should you freelance or work full-time when you have bipolar disorder?

The honest answer: it depends on your stability.

**Full-Time Job Advantages (For Bipolar)**

- Regular paycheck (predictability)
- Health insurance (critical)
- Structure (external scheduling)
- Disability insurance (safety net)
- Social connection (built-in community)
- One boss (not 10 clients)

Full-time is easier when:
- Your bipolar is well-managed (stable 6+ months)
- You have medication working well
- You have reliable therapist
- You can tolerate workplace stress

**Freelance Advantages (For Bipolar)**

- Control your hours (work when stable, rest when depressed)
- No commute (saves energy)
- Flexible deadlines (sort of)
- Work from bed when depressed (if needed)
- No forced social interaction
- You're your own boss

Freelance is better when:
- Your bipolar is variable (multiple episodes per year)
- You can't tolerate 9-5 structure
- You have financial safety net ($3-6 month buffer)
- You're comfortable with income variability

**The Hybrid (My Solution)**

I do:
- 15 hours/week teaching (part-time job)
- 10 hours/week freelance writing
- 5 hours/week personal projects/learning

Result:
- Base income from teaching (stability)
- Extra income from writing (flexibility)
- Personal projects (creative satisfaction)
- Total time commitment: 30 hours/week (sustainable)

This gives me:
- Predictable paycheck
- Flexible writing schedule
- Healthcare through teaching job
- Time for recovery on low-energy weeks

**The Money Reality**

Full-time job: $40k-60k/year (more stable)
Freelance: $30k-70k/year (wildly variable)
Hybrid: $35k-55k/year (balanced)

You have to decide: do you want stability or freedom more?

For bipolar: stability wins. Most episodes are triggered by chaos.

**If You're Thinking About Freelancing**

Do this checklist first:
- [ ] 6+ months of bipolar stability
- [ ] Savings of 3-6 months expenses
- [ ] Multiple income streams (not dependent on one client)
- [ ] Disability insurance available
- [ ] Support system in place (therapist, psychiatrist, friends)
- [ ] Can you work from bed if depressed? (Do you have quiet job?)

If all yes: consider it.

**If You're Full-Time and Struggling**

Try:
- Asking for reduced hours (30 hrs/week instead of 40)
- Remote work (one less stressor)
- Flexible scheduling (no early mornings)
- FMLA (you might qualify with bipolar diagnosis)
- Disability assessment (if episodes are severe)

Companies want to keep good employees. You can ask.

**The Hard Truth**

Most full-time jobs assume neurotypical energy. If you have bipolar, you're working 20% harder just to keep up.

Either:
1. Build a job around your bipolar (flexible employer)
2. Or build work around your bipolar (freelancing)
3. Or go part-time and hybrid (what I do)

'Push through' and 'just manage' don't work. You'll burn out and have an episode.

**My Recommendation**

Start full-time (stability, insurance, structure).

Once you're stable 1+ year:
- Negotiate remote work
- Reduce hours if possible
- Start small freelance project on side

This builds to hybrid naturally. You don't have to jump to full freelance chaos.

Stability first. Freedom second.

**Your Decision Tree**

```
Is your bipolar stable?
  → Yes: Consider part-time full-time + freelance hybrid
  → No: Stay full-time with good health insurance

Do you have 6 months savings?
  → Yes: Freelancing possible
  → No: Stay full-time

Can your employer offer flexibility?
  → Yes: Negotiate hybrid
  → No: Find new employer
```

The best job for bipolar is the one that:
- Pays you
- Doesn't require 40+ hours
- Allows you to rest
- Has good health insurance
- Respects your limitations

That might be full-time, part-time, or hybrid. But it's intentional, not default.

Build your work life around your actual brain. Not the other way around.","Career & Jobs","freelance,full-time,bipolar,careers,work-life-balance,mental-health,stability","Full-time vs freelance decision-making for bipolar: pros, cons, and the hybrid approach.","Freelance vs. Full-Time: The Bipolar Career Decision","2026-06-11","Ready","TRUE","",""
"Your Story Matters: Why You Need to Write It Down","You've lived something most people haven't: bipolar disorder, depression, recovery, struggle, and still showing up.

People need to hear your story.

Not as inspiration porn. Not as tragedy narrative. But as real human account of what you've survived and learned.

**Why Your Voice Matters**

Stats: 2.8% of American adults have bipolar disorder. That's 5+ million people.

Most of them:
- Never talk about it publicly
- Believe they're broken
- Don't know others are surviving it too
- Feel profoundly alone

You—writing publicly about your experience—instantly connects you with thousands of people who needed to know they're not alone.

That's not self-promotion. That's medicine.

**What People Want From Your Story**

Not your tragedy. Your reality.

- What medication actually helped (and the side effects)
- What therapy work was useful
- How you managed work/school/relationships
- What failed and why
- How you rebuilt after a crisis
- What you'd tell your younger self

Real details. Real struggle. Real recovery (messy, incomplete, ongoing).

**How to Write Your Story**

Start small:
- One essay about your diagnosis
- One essay about your first medication
- One essay about your worst episode
- One essay about recovery
- One essay about advice you'd give

These become your story. Together, they're powerful.

Don't wait for it to be 'finished.' You're not recovering to some endpoint. You're living. Write about the living.

**Who Will Read It**

- Other people with bipolar (instantly comforted)
- Family members trying to understand
- Healthcare workers (your perspective matters)
- Employers (understanding neurodivergence)
- Random people googling 'is bipolar medication worth it'

You'll change lives without knowing. That's the power of public writing.

**The Practical Impact**

Writing about your bipolar:
- Builds credibility (you understand what you're writing about)
- Creates opportunities (speaking, writing gigs, consulting)
- Helps your mental health (transforming suffering into meaning)
- Builds community (people find you, connect with you)
- Pays dividends (money often follows credibility)

But the real reason to do it: you're helping people.

**If You're Scared**

'People will judge me.'
Maybe. Some will. But thousands won't. They'll be grateful.

'It's too personal.'
It's personal because it matters. Personal writing is the most powerful.

'I'm not a good writer.'
You become a good writer by writing. Not before.

'No one cares.'
You'd be shocked. Google 'bipolar' and you'll see millions searching for exactly your perspective.

**Start Now**

Title: 'Why I Started Writing About Bipolar'

Write 500 words about:
- When you were diagnosed
- What you wish you'd known
- One thing that helped
- Why you're writing this

Publish it. Share it.

Wait for the messages. People will reach out saying 'thank you, I thought I was alone.'

That's why you write.

**Your Story Isn't Done**

You're still living it. That's what makes it powerful. You're not writing from some finished perspective—you're writing from the middle of recovery, the messiness, the ongoing work.

That's the honest story people need.

Write it. The world is waiting.","Mental Health & Writing","mental-health,bipolar,writing,story,authenticity,personal-growth,vulnerability","Why sharing your mental health story publicly changes lives.","Your Story Matters: Why You Need to Write It Down","2026-06-12","Ready","TRUE","",""
"Open Source Tools I Actually Use (And Why)","I'm obsessed with finding tools that work. Not flashy tools. Tools that actually solve problems.

Here's what I use for writing, automation, job searching, and mental health.

**For Writing**

Obsidian (Free/Paid): Local markdown notes. Stores on your device, syncs via git if you want. No corporate servers reading your content.

Why: I can write anything—drafts, personal thoughts, published essays—all in one system. Syncs to my repo.

Typora (Paid $15): Minimal markdown editor. Clean, distraction-free. Exports to Word/PDF/HTML.

Why: Sometimes I just need to write one essay. Typora is fastest option.

VS Code (Free): Lightweight code editor. Edit markdown, git integration, built-in terminal.

Why: I'm already in VS Code for everything. Might as well write here.

**For Job Searching**

BeautifulSoup (Free, open source): Python library for web scraping.

Why: Parse job posts, extract data, automate what can be automated.

Selenium (Free, open source): Browser automation.

Why: LinkedIn blocks API. Selenium works around that (legally).

N8N (Free, self-hosted): No-code automation platform.

Why: Non-coders can build automation. Super powerful.

**For Mental Health**

Daylio (Free/Paid): Mood tracking app. Simple check-in: rate your mood, log activities.

Why: Pattern recognition. After 2 months, you see what triggers good/bad moods.

Signal (Free, open source): Encrypted messaging. Phone calls. Video.

Why: Privacy. No surveillance. Talking to people matters.

Reminders app (Built-in): Simple push notifications for meds, sleep, exercise.

Why: Free, already on your phone, does the job.

**For Automation**

GitHub (Free): Version control, collaboration, automation.

Why: Track my code, collaborate with others, run automation scripts.

Cron (Built-in Linux): Task scheduling.

Why: Schedule my daily scripts. Free. Already there.

Python (Free, open source): Programming language.

Why: Flexible, readable, 1000+ libraries.

**The Anti-Recommendation: What I Avoid**

Notion (Pretty but slow): Overcomplicated for simple tasks
Evernote (Corporate, paid): I use free tools first
ChatGPT (Good but pricy for automation): I use Claude or local LLMs
Fancy project management tools: Kill productivity instead of helping

**The Philosophy**

Prefer:
- Free and open source
- Single-purpose tools (does one thing well)
- Local storage (your data stays yours)
- Simple interface (easy to use)
- Active maintenance (bug fixes, security updates)

Avoid:
- Subscription creep (tools that charge for features)
- Abandoned projects (no updates in 1+ year)
- Vendor lock-in (hard to export your data)
- Bloated interfaces (too many features)

**The Stack**

My actual setup:
- GitHub (writing + code)
- VS Code (editing)
- Obsidian (notes)
- Signal (communication)
- Daylio (mood)
- Python (automation)
- Cron (scheduling)

Cost: $0/month (all free)
Time to learn: 2-4 hours per tool
Lifetime benefit: Enormous

**If You Want to Copy My Setup**

1. Install VS Code
2. Install Obsidian
3. Create GitHub account
4. Install Signal
5. Start writing

That's the foundation. Everything else builds from there.

**The Real Lesson**

You don't need fancy tools. You need:
- Something to write with
- Something to track your health
- Something to track your work
- Something to talk to people

Free, open-source tools do all of this.

Don't overthink tools. Pick simple ones. Use them consistently.

The tool doesn't matter. Consistency does.","Tech & Tools","open-source,tools,automation,productivity,free-tools,tech-stack,recommendations","Practical open source tools for writing, job search, mental health, and automation.","Open Source Tools I Actually Use (And Honest Reviews)","2026-06-13","Ready","TRUE","",""
